Fecha,RIN_Millones_USD,Tipo_Cambio_PEN,IPC_Indice,PBI_Mensual_Indice,Exportaciones_MM,M2_Soles_MM
2005-01-01,13125.0,3.26821428571429,0.100149504761279,79.9791610934839,1264.05401593965,48144.100444
2005-02-01,13328.0,3.258825,-0.2346203515206,80.1344599066734,1136.996685324,49780.237951
2005-03-01,13555.0,3.25930952380952,0.650196153407443,81.3964129865707,1347.4939257933,50402.34252
2005-04-01,13629.0,3.25795,0.118823702025535,87.0734470255749,1257.79470001206,50469.331817
2005-05-01,14016.0,3.25488095238095,0.12633045900575,92.1414551036507,1354.77868169588,50697.712612
2005-06-01,13818.0,3.25276190476191,0.263742227071237,88.4557729993011,1421.9409395498,51708.647197
2005-07-01,15283.0,3.25205263157895,0.104611293091209,87.2766006292957,1558.40937105468,54511.454981
2005-08-01,13625.0,3.25734090909091,-0.179605723612108,82.9894831129745,1491.78541706328,55462.20465
2005-09-01,13695.0,3.30752272727273,-0.0942785605012846,82.0878665294671,1505.14595931683,58206.498918
2005-10-01,13547.0,3.38078571428571,0.144780473631634,84.8027239326644,1468.87175660604,57875.759664
2005-11-01,13543.0,3.37607142857143,0.0680447024625712,90.4951176179881,1546.31252613965,59930.113241
2005-12-01,14097.0,3.42428571428571,0.41922503429934,91.5459266918293,2014.10028855299,61814.174762
2006-01-01,14139.0,3.39329545454545,0.499608846028134,85.6590424919578,1430.55904426842,61915.767191
2006-02-01,13989.0,3.288725,0.548277704216064,84.6285220854951,1448.14988057106,62765.164741
2006-03-01,14472.0,3.33932608695652,0.457162631141614,91.2286928400679,1745.90574479128,63240.55383
2006-04-01,14493.0,3.33152777777778,0.510007190746034,91.7780023638019,1821.84002357358,63802.327855
2006-05-01,14235.0,3.27904090909091,-0.527951846100242,97.7619063414799,1944.42194844007,63097.047177
2006-06-01,14415.0,3.26406428571429,-0.132537237586119,95.072899809632,2043.00319899547,64634.043839
2006-07-01,14638.0,3.2431,-0.17044035636352,92.9616001230902,2363.31120785699,66938.500055
2006-08-01,15379.0,3.23438636363636,0.13934667530607,91.5547627296281,2018.63937339073,69220.782257
2006-09-01,15172.0,3.24773809523809,0.0273681222498222,88.769329600051,2168.103851789,70965.416396
2006-10-01,15673.0,3.23745454545455,0.0437894195875647,92.1822066698178,2070.53980242518,72696.764655
2006-11-01,16473.0,3.22209523809524,-0.282155165945056,94.7874212319493,2191.35468925379,75719.103748
2006-12-01,17275.0,3.20531578947368,0.0258117661108955,99.4183587606665,2584.31847948273,80610.231
2007-01-01,17849.0,3.1925,0.00942787065693368,89.9525619891584,1747.48280880665,82579.596567
2007-02-01,18136.0,3.1903,0.25946729961008,88.6681022105583,1907.75677722201,85842.029725
2007-03-01,18427.0,3.18561363636364,0.348835470333003,96.7214346263446,2099.54119706819,89837.639732
2007-04-01,19704.0,3.17828947368421,0.178206800195308,96.6364193147801,2119.74986313625,94523.790386
2007-05-01,21271.0,3.16752272727273,0.491871629879991,104.746678845017,2144.56329548449,96594.862494
2007-06-01,21528.0,3.1702,0.469692062317829,101.254568601752,2455.69370429105,100303.463086
2007-07-01,23333.0,3.16090909090909,0.475545229813074,102.545139242961,2712.29646926448,103764.408333
2007-08-01,24069.0,3.15818181818182,0.136907638047225,100.128668441286,2373.98200623459,101243.402325
2007-09-01,22827.0,3.135975,0.612500624383494,100.240420653565,2553.70044268305,103930.734467
2007-10-01,24890.0,3.01986363636364,0.314014669403244,103.151330807994,2667.95852086117,107949.649152
2007-11-01,26348.0,3.001,0.111007166747877,104.09969689671,2358.0304105263,107019.319843
2007-12-01,27689.0,2.980775,0.453104937624353,111.854978369874,2953.26363132579,109409.208231
2008-01-01,30737.0,2.95031818181818,0.222046237637442,98.5124879181719,2551.83991449136,107969.459903
2008-02-01,32306.0,2.9055,0.907018256710701,100.676634145884,2483.05284646799,114879.933722
2008-03-01,33576.0,2.81092105263158,1.04185066180591,104.088023197255,2768.97852387066,117525.068351
2008-04-01,35625.0,2.74786363636364,0.154220132610723,110.247082044336,2692.24944204263,121842.305483
2008-05-01,34859.0,2.80457894736842,0.369491179954231,112.085329362857,2879.37466255928,123957.302777
2008-06-01,35518.0,2.89161904761905,0.769602394432851,112.179938878862,2812.69683436726,123791.270216
2008-07-01,34843.0,2.84842857142857,0.555471918982357,112.30111638353,3012.57502114866,118785.43825
2008-08-01,34917.0,2.89230952380952,0.590485120627808,108.889993837838,2875.17284660504,118728.794953
2008-09-01,34702.0,2.96584090909091,0.567201348170299,110.740740648059,2616.26368564698,113090.510251
2008-10-01,31933.0,3.07515909090909,0.613128730631335,111.655298051568,2294.75981985183,103457.433645
2008-11-01,30970.0,3.09188888888889,0.309023518807206,110.667087487058,2067.22837630408,105913.423027
2008-12-01,31196.0,3.113775,0.360223443699306,117.475087662226,1964.28765075929,109357.855689
2009-01-01,30098.0,3.151125,0.105779087549192,102.957858945992,1630.56867732974,107539.436619
2009-02-01,29412.0,3.236125,-0.0747867011977923,101.033706712377,1815.17321684981,107985.035102
2009-03-01,30929.0,3.17477272727273,0.360219096293319,107.152725896407,1962.6616588907,111311.365558
2009-04-01,31079.0,3.085025,0.0190113387638141,108.852131263431,1789.22530662102,112872.738109
2009-05-01,31189.0,2.99405,-0.0430059879071317,114.233023556975,2154.83629892747,117452.548931
2009-06-01,30790.0,2.99047619047619,-0.339576397635527,108.973271232088,2192.33686169228,119029.060065
2009-07-01,32089.0,3.0125,0.186688283246876,110.739303018834,2344.94815633827,123573.11026
2009-08-01,31955.0,2.95054761904762,-0.207404080346908,109.854091268811,2332.32615127421,125104.676709
2009-09-01,32130.0,2.90965909090909,-0.0871865178354843,111.004716399796,2519.38315123471,129497.233331
2009-10-01,32920.0,2.871775,0.122626055714729,113.066652069329,2579.05101682198,131251.464001
2009-11-01,33428.0,2.8845,-0.112067511656828,113.616686008139,2718.73670132296,135068.392689
2009-12-01,33135.0,2.87747368421053,0.317106553518078,122.384670293062,3031.2724283119,138949.152986
2010-01-01,34342.0,2.85645,0.295916358843193,106.345679114289,2438.84332063552,137428.53122
2010-02-01,35010.0,2.853975,0.322508087876127,106.362647585621,2649.19096796292,139216.329727
2010-03-01,35269.0,2.83928260869565,0.280812098247149,116.027134757269,2817.37754841472,145206.833397
2010-04-01,35049.0,2.83985,0.0253574343372818,117.640830915308,2671.19429524537,146671.725765
2010-05-01,34610.0,2.8455,0.237859799840972,122.901051042337,2391.15268571967,145963.095472
2010-06-01,35341.0,2.83805,0.25084872902545,122.971410886408,3153.32147967942,146627.785512
2010-07-01,38635.0,2.82281578947368,0.363955387679499,121.69299558714,3035.35938543217,151850.596371
2010-08-01,40204.0,2.80202380952381,0.268515340301766,119.371742090072,3035.64919481877,156261.809919
2010-09-01,42464.0,2.79063636363636,-0.0320081184717505,122.065933562733,3311.48441406788,161377.462973
2010-10-01,42956.0,2.791475,-0.141721635707217,123.580262832309,3170.40761470773,166917.632618
2010-11-01,44104.0,2.80559523809524,0.00790540581414174,123.47507155592,3356.1006216356,170183.828916
2010-12-01,44105.0,2.815675,0.178465894473198,131.699985124187,3772.99928594188,178157.503082
2011-01-01,44511.0,2.78704761904762,0.390436430112132,116.517916397049,2964.11672880467,174891.25785
2011-02-01,46268.0,2.770525,0.38232131500092,114.933169579706,3377.97599887031,175935.540597
2011-03-01,46127.0,2.77939130434783,0.70246827579307,124.944194176603,3751.35085343995,177023.986819
2011-04-01,46512.0,2.81563157894737,0.680913006312609,126.37640949879,3417.51235437961,173285.38748
2011-05-01,46307.0,2.77495238095238,-0.023705939231349,129.712104313557,4105.47257107914,174722.269468
2011-06-01,47152.0,2.76407142857143,0.0991430632533504,126.637227154736,4204.12767426261,172094.432631
2011-07-01,47674.0,2.74131578947368,0.792952335352793,129.073761607809,4194.85467642664,179089.168806
2011-08-01,48515.0,2.73938095238095,0.26581819673157,127.10799598781,4554.91633885974,179909.047819
2011-09-01,48068.0,2.74384090909091,0.334184450724357,128.052954564443,3977.81945253304,174546.372764
2011-10-01,48696.0,2.731825,0.314850475426423,129.087636787493,3935.99681703288,179923.471814
2011-11-01,49050.0,2.70495238095238,0.431423021984299,129.330567754272,3352.28419954393,181021.02403
2011-12-01,48816.0,2.69626315789474,0.270908693685631,143.114319356977,4539.53388864688,186699.033667
2012-01-01,50830.0,2.69265909090909,-0.101321658058542,122.869817363909,4028.58368813469,192657.426383
2012-02-01,53315.0,2.68352380952381,0.32490889268749,123.041226818478,3825.90513487988,196969.868385
2012-03-01,55789.0,2.671,0.766016269027565,132.262219035612,4166.01108943334,200835.01811
2012-04-01,57490.0,2.65702777777778,0.531540157871349,130.416861633642,3226.98162987307,203217.273484
2012-05-01,56882.0,2.66927272727273,0.03926077503556,138.684278836536,3718.26577956045,202632.556513
2012-06-01,57225.0,2.670575,-0.0366953058830012,136.180943061944,3871.23149881286,203834.77672
2012-07-01,57980.0,2.63504761904762,0.0903588612568951,138.434981196796,4084.63569462867,205076.629869
2012-08-01,59771.0,2.61597619047619,0.508401059841231,136.084157974641,3989.39101640359,207717.544534
2012-09-01,61161.0,2.6028,0.542706494983504,136.690892565286,4185.80427256594,212877.18824
2012-10-01,61904.0,2.5876,-0.163323292399981,138.661370714442,4083.66297860853,216771.13162
2012-11-01,63216.0,2.598625,-0.137468673524668,137.170166822392,4031.40500119191,220904.702534
2012-12-01,63991.0,2.56688888888889,0.258775005035199,148.016232864322,4199.61929888955,229100.772696
2013-01-01,67016.0,2.55190909090909,0.115417675695559,130.801507808408,3493.22012782075,233063.537814
2013-02-01,67629.0,2.57805263157895,-0.0899999999999897,129.299257417894,3260.83179481964,236727.609988
2013-03-01,67918.0,2.59394736842105,0.908826029924648,136.899609937701,3753.81612438875,238369.965129
2013-04-01,68255.0,2.5975,0.252386434513867,141.920592876079,3229.15180421031,238941.275364
2013-05-01,66765.0,2.64438636363636,0.193585595743532,144.596297825678,3546.51947165906,237705.728137
2013-06-01,66683.0,2.7475,0.261797703601153,144.154120183782,3344.66959313249,234434.893031
2013-07-01,67615.0,2.77671428571429,0.548478702276045,145.788055176374,3444.57862793262,238330.824332
2013-08-01,66635.0,2.8017380952381,0.54290503863184,143.576221673223,4197.09078067312,235643.588958
2013-09-01,66729.0,2.77857142857143,0.108780375955996,143.338430970754,3634.15859810401,234925.945499
2013-10-01,66391.0,2.76911904761905,0.0382722950763035,147.270241042761,3674.13371666261,238226.266427
2013-11-01,66279.0,2.798125,-0.218243304450852,147.159551676505,3421.50822747067,239617.04368
2013-12-01,65663.0,2.78525,0.165817500674368,158.426154435841,3863.67519031544,247426.608931
2014-01-01,65074.0,2.80893181818182,0.316846515378193,136.331425314793,3168.73737961378,244555.036565
2014-02-01,65177.0,2.81265,0.60083869624388,136.032829640234,3310.17750063419,246736.394746
2014-03-01,64954.0,2.80638095238095,0.518558879929413,144.308469916617,3284.66082147652,247497.959466
2014-04-01,64729.0,2.794375,0.393222043698289,146.068668319154,3126.00347042074,248756.487973
2014-05-01,64629.0,2.78697619047619,0.225030490782512,148.341446780911,3126.15387258004,250683.925167
2014-06-01,64581.0,2.79423809523809,0.159177501068276,144.698777957383,3256.83256843319,253805.29792
2014-07-01,65536.0,2.78609523809524,0.433312575620032,147.90153731913,3376.37481481072,258456.406438
2014-08-01,64850.0,2.81447619047619,-0.0856196342018747,145.51901942331,3620.27652120805,262296.349531
2014-09-01,64453.0,2.86395454545455,0.160502508704002,147.17026961268,3368.69524481999,261875.712766
2014-10-01,63530.0,2.90604545454545,0.378858336021168,150.618851994871,3362.45254366299,264533.080385
2014-11-01,63250.0,2.925075,-0.149460647587778,147.391997013958,3151.47189621785,266055.883472
2014-12-01,62308.0,2.9615,0.228891578078382,159.68553972887,3383.85097537803,275282.466191
2015-01-01,62619.0,3.005525,0.170295685735701,138.460036099812,2822.26775116423,274211.500774
2015-02-01,61896.0,3.078525,0.30346893023652,137.711400502076,2626.61760161318,276090.415277
2015-03-01,61323.0,3.09168181818182,0.764664131404038,148.5461780221,2698.44977981819,273192.194208
2015-04-01,61627.0,3.1199525,0.390506491415774,152.200581917623,2421.50121535365,274847.83807
2015-05-01,60413.0,3.15045,0.564365427803757,150.244868495168,2662.39715316244,276256.319732
2015-06-01,60017.0,3.16123809523809,0.332341348473706,150.610161862057,3199.34193833287,275778.732473
2015-07-01,59734.0,3.18125,0.450786388967827,153.229934143432,2858.85838716327,278596.075437
2015-08-01,60613.0,3.23835714285714,0.377226121085694,149.403470697751,3051.08796225001,271630.89981
2015-09-01,61439.0,3.21861363636364,0.0275381794493309,151.861936248684,2729.08601561383,269397.740606
2015-10-01,62172.0,3.248375,0.142799384312569,155.549138143263,3113.61587626089,277093.66425
2015-11-01,62196.0,3.33664285714286,0.344071735952856,153.202065975375,2945.70673018416,281957.336714
2015-12-01,61485.0,3.38266666666667,0.445721499061671,170.075446853285,3285.11472872132,288778.746676
2016-01-01,59981.0,3.437325,0.37252021115541,143.363097250993,2474.93596530518,283863.703504
2016-02-01,60198.0,3.50590476190476,0.174091242706681,146.558383261999,2456.84733705389,285960.462797
2016-03-01,61281.0,3.40738095238095,0.598118099213,153.818648000414,2822.10820341435,286360.314927
2016-04-01,61273.0,3.30154761904762,0.0114065609758854,156.410909432401,2804.3912120147,290715.999483
2016-05-01,60619.0,3.33372727272727,0.209563738332199,157.567072625252,2858.24766915968,295568.690531
2016-06-01,59564.0,3.31657142857143,0.139508528737671,155.999784793248,2703.8285707796,295538.987535
2016-07-01,61086.0,3.29873684210526,0.081747041914584,158.716530918806,3351.8949146639,305920.64249
2016-08-01,61769.0,3.33304545454545,0.358285853821853,158.029582145319,3260.0499164459,307324.164686
2016-09-01,61575.0,3.38229545454546,0.206464092392192,158.709475032525,3263.15550059017,307661.817683
2016-10-01,62009.0,3.38595238095238,0.413354520523768,158.941363854428,3565.87983644156,307563.778821
2016-11-01,61364.0,3.40289473684211,0.290064059118052,158.591978445039,3411.22260372139,310174.182539
2016-12-01,61686.0,3.39535714285714,0.33419524609934,175.993117904231,4115.82880435611,316713.531087
2017-01-01,62572.0,3.34,0.237843060107308,150.55456598191,3296.82693252499,315688.760485
2017-02-01,62291.0,3.259825,0.323171371975582,147.712570164296,3576.41383380271,315555.59216
2017-03-01,62487.0,3.26373913043478,1.30455818519093,155.609028623216,3300.15868292616,319077.307004
2017-04-01,62998.0,3.24736111111111,-0.258053478882145,156.899285181839,3139.65300528689,320486.941478
2017-05-01,63414.0,3.27286363636364,-0.423337988013419,163.331442484155,3547.0876048805,326366.90478
2017-06-01,62601.0,3.2678,-0.159198769026384,162.193228443208,3869.54066629959,329146.385933
2017-07-01,63050.0,3.24892105263158,0.198285823750627,162.256285785506,3447.1790441015,334333.389761
2017-08-01,62005.0,3.24143181818182,0.672225629676554,162.549945310578,4067.44195948772,336031.193949
2017-09-01,64360.0,3.24616666666667,-0.0157699757397503,164.031144172963,4389.60869030422,344195.166866
2017-10-01,63560.0,3.25104545454545,-0.469245219484567,164.678532418408,3973.0837456225,348784.209531
2017-11-01,62983.0,3.24052380952381,-0.197237337488294,161.814653737277,4213.0952284168,352487.378128
2017-12-01,63621.0,3.24618421052632,0.156851858043552,178.490146851098,4584.43652620555,360722.887608
2018-01-01,64290.0,3.21516666666667,0.127417107488591,154.878571052228,4094.85510117907,367253.835083
2018-02-01,61885.0,3.248375,0.250220520720826,151.721683761965,3660.11155338847,366457.62015
2018-03-01,62032.0,3.2519,0.487124356837782,161.648663902101,4191.54860442986,367157.596203
2018-04-01,60190.0,3.230625,-0.137073083858309,169.583314802061,3806.36871328922,366314.035804
2018-05-01,60065.0,3.27361363636364,0.0184551804113629,174.286488945202,4241.10223906178,365719.43789
2018-06-01,59079.0,3.27095,0.334058214668909,165.553434285161,4540.4346431704,365063.982982
2018-07-01,60797.0,3.27659523809524,0.382785985925354,166.486346217518,4097.84341782518,372670.632199
2018-08-01,60275.0,3.28807142857143,0.131767259402052,166.321564673298,4058.56703302628,374234.797761
2018-09-01,57941.0,3.311325,0.191681610790045,167.951906873542,3887.63064283035,374186.236839
2018-10-01,58492.0,3.33390909090909,0.0816835303769421,171.404720851336,3989.18686341575,371748.006764
2018-11-01,59387.0,3.374675,0.122438003210824,170.002534752015,4181.32241906278,379005.571883
2018-12-01,60121.0,3.36402631578947,0.181777270585084,186.895277979967,4323.63250283454,382685.610091
2019-01-01,62379.57584206,3.34386363636364,0.0653322898985492,157.484236923596,3943.29011978039,385552.44
2019-02-01,63254.0,3.321475,0.126761453780625,154.880846702552,3518.75515569498,385600.86
2019-03-01,63091.0,3.30469047619048,0.727552259105356,167.122085957657,3751.8588497924,393353.77
2019-04-01,64882.0,3.303825,0.200080537447719,169.577600190373,3780.81244576584,392686.21
2019-05-01,66309.42386209,3.33236363636364,0.14761382269664,175.488524714574,3699.76083765955,392891.75
2019-06-01,66513.0,3.32565,-0.0862718704256484,170.219820169421,4094.86016340587,396892.83
2019-07-01,66753.0,3.29021428571428,0.203336703292959,173.029854821441,4214.70831919932,403895.51
2019-08-01,68269.0,3.37756,0.0609772736582818,172.500413631276,3928.75294699131,407037.94
2019-09-01,67860.0,3.35735714285714,0.00638299858017871,172.202977149945,3993.75077932362,408094.97
2019-10-01,67986.0,3.3597619047619,0.110725430948253,176.045083015976,4171.48409605791,412480.95
2019-11-01,66771.0,3.3717,0.108910232526761,173.929742506687,4026.94011790636,419151.72
2019-12-01,68316.0,3.35519047619048,0.214521161156722,189.212645230463,4870.17647805275,427724.16
2020-01-01,68399.0,3.32736363636364,0.0538080667322616,162.6849940167,3897.34004411112,432556.45
2020-02-01,67611.0,3.39035,0.142172034360178,161.972415580347,3551.89576976675,430600.67
2020-03-01,68022.0,3.49136363636364,0.645999987966259,137.696983450243,2830.29680771637,416177.85
2020-04-01,73632.0,3.3975,0.104582684852522,102.971603037384,1857.59173521295,425455.2
2020-05-01,73439.0,3.42115,0.204153570879042,118.054718024242,2006.42627015149,450687.69
2020-06-01,71449.71203365,3.47016666666667,-0.266096854987984,139.402900885474,2911.97636054187,456287.39
2020-07-01,74335.72126159,3.51656818181818,0.462688397344215,153.962452382505,3709.10753948105,466977.9
2020-08-01,74667.79874836,3.56392857142857,-0.110238965197723,156.689772597485,3660.8826732131,473952.75
2020-09-01,72353.88923515,3.55490909090909,0.136353971354613,162.099817273771,4342.80842988975,474271.9
2020-10-01,72468.23440979,3.59561363636364,0.0167755516523417,170.316706389585,4681.67981747998,476517.79
2020-11-01,71723.43697814,3.6077619047619,0.520479581391504,170.267892604112,4341.43945538271,487912.76
2020-12-01,74706.91124326,3.60261904761905,0.0487327395330378,191.166998666951,5030.14344095423,501002.207975784
2021-01-01,76473.88390205,3.624575,0.742901704166242,161.068110533387,4508.38332972858,503850.647582862
2021-02-01,76028.82552423,3.645275,-0.125265562868538,155.789280323745,4469.84415803699,504452.651496557
2021-03-01,79921.73039049,3.70815217391304,0.839468767410369,165.062304614065,4616.02346474594,501793.121218694
2021-04-01,77064.07695704,3.69945,-0.104691802721501,164.653055171669,4645.03550347513,491117.940796304
2021-05-01,73069.45597121,3.77354761904762,0.266557522263624,175.435080957009,4951.54527034096,490401.393550755
2021-06-01,71892.37173783,3.91030952380952,0.51967163414861,172.043849320032,4906.89873902972,480157.35024837
2021-07-01,70959.42074358,3.94005,1.00753906510749,174.469086325834,5120.86591778932,479198.885925455
2021-08-01,74424.86332893,4.08619047619048,0.98493531236659,175.51120541743,5588.0278847408,466461.266896377
2021-09-01,76024.34888097,4.10747727272727,0.40042251687241,178.357398048653,5727.44965881981,458917.823280851
2021-10-01,74498.95018051,4.01505,0.58366506925955,178.43288328397,5783.87841705262,458341.590626901
2021-11-01,78218.1872969,4.01959523809524,0.358183580426998,176.6569572038,6236.54311400584,457117.551150837
2021-12-01,78495.49017071,4.03697727272727,0.782835268325123,195.04549279162,6559.40582966514,462237.429988649
2022-01-01,77123.24623511,3.88928571428572,0.0372679999999974,165.994475775521,5503.78023557397,455962.813317582
2022-02-01,76851.1665006,3.7908,0.311455926605271,163.317121435421,5740.68140334332,452105.873111901
2022-03-01,75323.81907783,3.73878260869565,1.48265988924236,171.480145804748,5651.73482831162,451303.199328075
2022-04-01,75969.09242647,3.73973684210526,0.961893177341858,171.309751217314,5273.24527287543,443948.706608323
2022-05-01,76109.33462633,3.75754545454545,0.384024966018986,179.893415469682,4818.35365601083,438269.595536958
2022-06-01,73334.93941785,3.74714285714286,1.19062710636316,178.447332349076,5799.89414931183,435309.331204117
2022-07-01,74090.18264728,3.90218421052632,0.940891085039107,177.946546724919,5138.99860771136,440685.732471186
2022-08-01,73964.72510173,3.87379545454545,0.666542107665968,179.036988819811,5686.96979565426,432477.004161494
2022-09-01,74200.88078222,3.89770454545455,0.522557852684368,182.21844677378,5749.03129260069,430711.906761663
2022-10-01,73827.72275668,3.97871428571429,0.347652348101841,183.100944738552,5601.39157517577,431592.165191939
2022-11-01,73435.05937502,3.87730952380952,0.517639656505263,180.584217432587,5435.23466848411,430437.851768724
2022-12-01,71883.36530405,3.829175,0.793924170395989,197.623021628134,5939.91518436711,435070.415113135
2023-01-01,73281.98323483,3.83278571428571,0.226446521871514,165.119521292751,4857.37353806056,440061.000785347
2023-02-01,73884.52116207,3.840875,0.29452251053137,162.841888132096,5024.97789880977,435419.277454176
2023-03-01,72734.40662904,3.77960869565217,1.25348677152025,173.026169543559,6122.13401744277,435249.844838599
2023-04-01,74591.31777633,3.76561111111111,0.556251880069387,172.605671856828,5607.16079569846,433538.606648858
2023-05-01,76243.91192967,3.68870454545455,0.31786146413237,177.880969391299,4983.99910443422,434278.564223176
2023-06-01,72942.81177841,3.65104761904762,-0.152769746155551,177.279190090595,5599.04800159785,436952.713771342
2023-07-01,73274.55685414,3.6013,0.391066276983018,176.180609841662,5160.04219034275,445113.088863166
2023-08-01,71852.70555556,3.69634090909091,0.376132603479856,179.138408486704,5493.34364039563,445398.381872684
2023-09-01,71233.7088886,3.72966666666667,0.0164026333286269,180.509118757011,5841.05097800492,445638.870134001
2023-10-01,71147.78735873,3.84440909090909,-0.322447443370826,181.753821190727,5943.00755255964,444725.826901008
2023-11-01,71751.297916,3.76188095238095,-0.163060842314584,181.676244998251,5969.31368350976,450744.025683294
2023-12-01,71033.01046251,3.73368421052632,0.405777961086682,195.472899773428,6506.09212920204,465328.098427438
2024-01-01,73327.46532753,3.73980952380952,0.0192113272793558,168.142817819896,5398.64892730984,468167.311497059
2024-02-01,73943.03283999,3.82730952380952,0.557510800936321,167.991616299724,5489.8234734058,469266.233860156
2024-03-01,73827.92839165,3.70955263157895,1.00938516188575,172.317298420265,5693.29066237749,468687.178387529
2024-04-01,74511.66988769,3.71315909090909,-0.0516715997229469,182.150540801596,5220.13563208543,466607.103611246
2024-05-01,73920.00259049,3.73097727272727,-0.0907064485030323,188.032481750801,6248.40055334802,478676.104798429
2024-06-01,71415.40097371,3.78463157894737,0.121741927959431,177.9361607481,6200.57803279103,481888.329780584
2024-07-01,74277.82892047,3.7644,0.236268738691571,184.740665371753,6884.52184163159,482259.05667419
2024-08-01,80771.26655196,3.741325,0.284170528141876,186.250706699538,6918.08664674675,484460.316876241
2024-09-01,80364.80297031,3.76821428571429,-0.237560474773851,186.809847954192,6885.65751998424,486375.271078671
2024-10-01,83309.07843405,3.75359090909091,-0.0931035230159262,188.716998046233,6518.75026442089,490892.648175081
2024-11-01,83227.78365261,3.77885,0.0941530377317251,189.637310461874,7865.17341227742,492557.314990069
2024-12-01,78986.65285034,3.73489473684211,0.105667996950954,205.37599113004,7070.75290555821,499461.56812362
2025-01-01,81595.88199155,3.74775,-0.0933179134509413,175.562322917318,7151.75455213197,496826.247129676
2025-02-01,83660.87280949,3.6977,0.188012094871704,172.912645214424,6501.54369228329,494642.927954596
2025-03-01,81016.10339545,3.65259523809524,0.810159321766145,180.579290757801,7182.0470509855,492394.833283119
2025-04-01,84469.44329028,3.6997,0.31806633832046,184.678423522052,6171.01962563659,489585.012457273
2025-05-01,85957.3926635,3.66014285714286,-0.0564746187563057,192.371552384542,6777.69405987123,500636.729439675
2025-06-01,85263.33018393,3.60390476190476,0.128679643778829,186.649036980275,7216.35741500216,501483.311844835
2025-07-01,87480.01881687,3.5562,0.231431002364371,191.349057879541,7531.77151294704,513085.606030224
2025-08-01,87752.81892101,3.5432,-0.29025398690341,192.339337914088,7913.34089178105,516153.852176542
2025-09-01,85148.22530528,3.50281818181818,0.0111517897177685,195.126983107635,8881.51797713915,520987.904396328
2025-10-01,89960.76524049,3.41409090909091,-0.0996274056654658,196.384071140248,9620.01128662037,525748.900702141
2025-11-01,90898.18358352,3.37285,0.110781919406383,192.615787678937,8689.99619653996,534918.802279118
2025-12-01,90214.4842999,3.36673684210526,0.244108583947482,213.246348413478,9441.12631747388,550978.611985871
2026-01-01,95072.12770141,3.35675,0.0957671016980487,181.775948700275,9792.86956898779,556839.497218707
2026-02-01,97294.87358982,3.356975,0.693626297343638,179.270575480127,8988.33323443178,566608.957698514
2026-03-01,94716.37835515,3.44677272727273,2.37869353004195,179.270575480127,8988.33323443178,566608.957698514
