Fecha,IF_Score_Raw,IF_Score_Norm,AE_Error_Raw,AE_Error_Norm,Score_Raw,EWS_Score,EWS_Umbral,EWS_Umbral_Hi,EWS_Umbral_Lo,Alerta,Nivel_Alerta,Regimen
2006-01-01,,,,,,,,,,0,,
2006-02-01,,,,,,,,,,0,,
2006-03-01,,,,,,,,,,0,,
2006-04-01,,,,,,,,,,0,,
2006-05-01,,,,,,,,,,0,,
2006-06-01,,,,,,,,,,0,,
2006-07-01,,,,,,,,,,0,,
2006-08-01,,,,,,,,,,0,,
2006-09-01,,,,,,,,,,0,,
2006-10-01,,,,,,,,,,0,,
2006-11-01,,,,,,,,,,0,,
2006-12-01,,,,,,,,,,0,,
2007-01-01,,,,,,,,,,0,,
2007-02-01,,,,,,,,,,0,,
2007-03-01,,,,,,,,,,0,,
2007-04-01,,,,,,,,,,0,,
2007-05-01,,,,,,,,,,0,,
2007-06-01,,,,,,,,,,0,,
2007-07-01,,,,,,,,,,0,,
2007-08-01,,,,,,,,,,0,,
2007-09-01,,,,,,,,,,0,,
2007-10-01,,,,,,,,,,0,,
2007-11-01,,,,,,,,,,0,,
2007-12-01,,,,,,,,,,0,,
2008-01-01,,,,,,,,,,0,,
2008-02-01,,,,,,,,,,0,,
2008-03-01,,,,,,,,,,0,,
2008-04-01,,,,,,,,,,0,,
2008-05-01,,,,,,,,,,0,,
2008-06-01,,,,,,,,,,0,,
2008-07-01,,,,,,,,,,0,,
2008-08-01,,,,,,,,,,0,,
2008-09-01,,,,,,,,,,0,,
2008-10-01,,,,,,,,,,0,,
2008-11-01,,,,,,,,,,0,,
2008-12-01,,,,,,,,,,0,,
2009-01-01,,,,,,,,,,0,,
2009-02-01,,,,,,,,,,0,,
2009-03-01,,,,,,,,,,0,,
2009-04-01,,,,,,,,,,0,,
2009-05-01,,,,,,,,,,0,,
2009-06-01,,,,,,,,,,0,,
2009-07-01,,,,,,,,,,0,,
2009-08-01,,,,,,,,,,0,,
2009-09-01,,,,,,,,,,0,,
2009-10-01,,,,,,,,,,0,,
2009-11-01,,,,,,,,,,0,,
2009-12-01,,,,,,,,,,0,,
2010-01-01,,,,,,,,,,0,,
2010-02-01,,,,,,,,,,0,,
2010-03-01,,,,,,,,,,0,,
2010-04-01,,,,,,,,,,0,,
2010-05-01,,,,,,,,,,0,,
2010-06-01,,,,,,,,,,0,,
2010-07-01,,,,,,,,,,0,,
2010-08-01,,,,,,,,,,0,,
2010-09-01,,,,,,,,,,0,,
2010-10-01,,,,,,,,,,0,,
2010-11-01,,,,,,,,,,0,,
2010-12-01,,,,,,,,,,0,,
2011-01-01,-0.5164164354167247,0.4289745333056138,0.7854347909208781,0.04830726471353099,0.3528410795871973,0.3528410795871973,,,,0,0.0,1.0
2011-02-01,-0.5000844142090617,0.3384251896541841,0.5131361707281828,0.024262465726827755,0.2755926448687129,0.3013421231082077,,,,0,0.0,1.0
2011-03-01,-0.4935692318403334,0.30230317635549264,0.5363319905252384,0.02631072738881231,0.2471046865621566,0.27034930222474995,,,,0,0.0,0.0
2011-04-01,-0.5310042829268938,0.5098536847919704,2.1876773371878815,0.17212955999998172,0.44230885983357265,0.3620610662827887,,,,0,1.0,1.0
2011-05-01,-0.5185824432040537,0.4409834929434143,0.6458615051342346,0.03598251771966592,0.3599832978986647,0.3609886696974344,,,,0,1.0,1.0
2011-06-01,-0.49329658009624794,0.30079151799071085,0.3848450701361398,0.012933970109275036,0.2432200084144237,0.30116966714098453,,,,0,0.0,1.0
2011-07-01,-0.4845641500088346,0.252376456386072,0.3933560647320064,0.013685516900403509,0.2046382684889383,0.25252392293837855,,,,0,0.0,0.0
2011-08-01,-0.47996177859480993,0.22685960789064483,0.3464500882733794,0.00954357606197918,0.1833964015249117,0.21782461807201087,,,,0,0.0,0.0
2011-09-01,-0.5145617769808499,0.4186917825100633,0.6489923789294232,0.03625898342854382,0.3422052226937594,0.28013662351852286,,,,0,0.0,0.0
2011-10-01,-0.483566541645392,0.24684543353333865,0.3205005385515438,0.007252151645595978,0.19892677715579013,0.2394920083301366,,,,0,0.0,0.0
2011-11-01,-0.5348359890900444,0.5310977472216485,6.062818692189304,0.5143163652806411,0.527741470833447,0.3836871473645235,,,,0,1.0,1.0
2011-12-01,-0.540767857532777,0.5639857031755661,1.0326187883556337,0.07013436588224968,0.4652154357169028,0.42446124615467556,,,,0,1.0,2.0
2012-01-01,-0.5295980676495138,0.5020572296698307,1.019448730227382,0.06897140956571414,0.4154400656490074,0.4199501052254585,,,,0,1.0,2.0
2012-02-01,-0.5085373868836716,0.3852908603422838,0.6636273943481507,0.03755129994363149,0.3157429482625534,0.36784334639983934,,,,0,1.0,1.0
2012-03-01,-0.49550032994395643,0.31300973028327844,0.4529404797067945,0.018947002543611053,0.25419718473534497,0.31101853141186137,,,,0,0.0,1.0
2012-04-01,-0.5203272775281417,0.4506573478091259,0.6753088243810738,0.03858280585732325,0.3682424394187654,0.33963092200574596,,,,0,0.0,1.0
2012-05-01,-0.5192083895677861,0.44445391657783756,0.7790167937435728,0.047740535980508654,0.3651112404583718,0.3523711784325016,,,,0,0.0,1.0
2012-06-01,-0.47716435612183794,0.2113499066955152,0.5403944206924071,0.02666945236765343,0.17441381582994286,0.2633921577031952,,,,0,0.0,0.0
2012-07-01,-0.5010691454230891,0.34388481794938996,0.48376057879741174,0.021668511330029967,0.27944155662551795,0.2714168724702853,,,,0,0.0,0.0
2012-08-01,-0.49031627680070217,0.284267873803472,0.3718490331491829,0.011786380390480267,0.22977157512087368,0.2505942039375353,,,,0,0.0,0.0
2012-09-01,-0.46671990928895934,0.1534429401606156,0.30102912654109537,0.00553276655489227,0.12386090543947094,0.18722752447291574,,,,0,0.0,0.0
2012-10-01,-0.47694546456156606,0.2101363099911369,0.4708370484648032,0.020527324170042768,0.17221451282691808,0.17972101686022604,,,,0,0.0,0.0
2012-11-01,-0.4810171459820485,0.2327108631033638,0.42241527598071704,0.016251533917650725,0.1894189972662212,0.18457000764126838,,,,0,0.0,0.0
2012-12-01,-0.5310792808546727,0.5102694945101458,0.8478924121585723,0.05382246323633382,0.4189800882553834,0.30177505493429113,0.4052271933086993,0.4406308633572277,0.3698235232601708,0,0.0,1.0
2013-01-01,-0.5422886554304417,0.5724174367441828,0.8655368597867293,0.055380521797740494,0.46901005375489435,0.38539255683658846,0.40962638378637783,0.44534476567848613,0.37390800189426954,0,1.0,1.0
2013-02-01,-0.5394912578071903,0.5569078733229308,0.6552922988336823,0.036815285578084805,0.4528893557739616,0.41914095680816543,0.4174161398768199,0.45423534150807415,0.38059693824556573,0,1.0,1.0
2013-03-01,-0.49628325953782015,0.31735051333445263,0.8092279680464123,0.05040827485024648,0.26396206563761143,0.34155151064480205,0.4170117223547196,0.4532690443716719,0.38075440033776725,0,0.0,1.0
2013-04-01,-0.47806588457601873,0.21634823536354658,0.4977563035801263,0.02290437653138665,0.1776594635971146,0.25960548681568557,0.4141281446779382,0.4500032535346321,0.3782530358212442,0,0.0,0.0
2013-05-01,-0.5170364632362594,0.43241214285746493,0.6538139832758582,0.03668474580376776,0.3532666634467255,0.3064360752184343,0.4121864909143948,0.44741514900955615,0.37695783281923345,0,0.0,1.0
2013-06-01,-0.5553854786127197,0.6450299277515833,1.1397949213915632,0.07959834543968344,0.5319436112892034,0.41918984335882903,0.4185932731306165,0.45470542166751937,0.38248112459371364,0,1.0,1.0
2013-07-01,-0.5397409001126,0.5582919608534975,1.0462979548872606,0.07134227802416891,0.46090202428763183,0.44004593383294227,0.4265515370504031,0.4639208584389226,0.3891822156618836,1,1.0,2.0
2013-08-01,-0.4931116008650796,0.29976594082800306,1.0830312184006852,0.07458593727106798,0.25472994011661604,0.3473879369532055,0.4261034702711167,0.4629802656074954,0.3892266749347381,0,0.0,1.0
2013-09-01,-0.49563548048424594,0.3137590430940902,0.6298658161455468,0.03457004957673283,0.25792124439061875,0.30265459066670447,0.4240241429429604,0.4603373089032392,0.3877109769826816,0,0.0,1.0
2013-10-01,-0.4856849565451323,0.2585905247448839,0.41059806898122836,0.015208038483535448,0.20991402749261423,0.25628430907696026,0.4216926004211923,0.45780505942308924,0.38558014141929536,0,0.0,0.0
2013-11-01,-0.5211040583391926,0.45496404026974335,0.4089023786091554,0.015058303849877264,0.36698289298577014,0.3116336010329761,0.42003921691142543,0.45561694448037654,0.38446148934247437,0,0.0,1.0
2013-12-01,-0.5121478004917226,0.40530801427334906,1.0788365941144762,0.07421553914817162,0.3390895192483136,0.3253615601408446,0.41888144797829585,0.4539616273293864,0.3838012686272053,0,0.0,1.0
2014-01-01,-0.5695572138655122,0.7236020352222796,1.0592771994122574,0.0724883849173363,0.593379305161291,0.45937043265204286,0.427603493498372,0.464604638457406,0.39060234853933795,0,2.0,2.0
2014-02-01,-0.5683468231847502,0.7168912870355589,0.9439792019464477,0.06230721994972481,0.5859744736183922,0.5226724531354477,0.4450153138839724,0.4857710440638803,0.40425958370406456,1,2.0,2.0
2014-03-01,-0.5091724888696596,0.38881204533535463,0.6427455309990178,0.035707367696224616,0.3181911098075287,0.4204317814713023,0.4507958865463483,0.4920888216947652,0.40950295139793136,0,1.0,2.0
2014-04-01,-0.5039738780102531,0.35998947676083,0.5342485177290146,0.02612675038391962,0.2932169314854479,0.35682435647831723,0.45056180332818696,0.49182519879096187,0.40929840786541205,0,0.0,1.0
2014-05-01,-0.4984177275843831,0.32918460773120356,0.46435930632978806,0.019955319774963887,0.2673387501399556,0.3120815533091161,0.4489377618725039,0.4901126538536467,0.4077628698913611,0,0.0,1.0
2014-06-01,-0.4952514274532351,0.31162974449453545,0.5779066973765697,0.029981900854414007,0.25530017576651115,0.2836908645378071,0.44874970006604276,0.4900237455432094,0.40747565458887613,0,0.0,0.0
2014-07-01,-0.48963714298394856,0.28050256389010525,0.2781084643836977,0.003508802152036483,0.2251038115424915,0.25439733804014597,0.4487321832412925,0.4899830433407482,0.40748132314183677,0,0.0,0.0
2014-08-01,-0.5199667081529701,0.4486582492378312,0.40271248301147256,0.014511717182307525,0.3618289428267265,0.3081131404334393,0.4482364930740851,0.48848611828112515,0.4079868678670451,0,0.0,1.0
2014-09-01,-0.5035908288318401,0.3578657438039296,0.35968387895070425,0.010712160157055395,0.28843502707455476,0.2982740837539967,0.4483676412721177,0.48849304309854386,0.40824223944569155,0,0.0,1.0
2014-10-01,-0.5307471454692387,0.5084280420180103,0.7614972969213609,0.046193510956510496,0.41598113580571033,0.3571276097798543,0.4496516495663763,0.48911583562561356,0.41018746350713914,0,0.0,1.0
2014-11-01,-0.5204324170143751,0.4512402708502632,0.5943957258419872,0.03143793237839462,0.3672798031558895,0.3622037064678719,0.4485641080340751,0.4878647009982549,0.4092635150698952,0,1.0,1.0
2014-12-01,-0.5517208807830754,0.624712361174762,1.0135924543907648,0.06845428254097012,0.5134607454480037,0.4378322259579381,0.44966449827719485,0.4892080826205326,0.41012091393385713,0,1.0,2.0
2015-01-01,-0.5659119260111024,0.7033915286082875,1.4861293311459087,0.11018073053891263,0.5847493689944124,0.5112907974761753,0.4586266420447719,0.500311860493499,0.41694142359604475,0,2.0,2.0
2015-02-01,-0.5620740006105001,0.6821129849676121,1.481542395683876,0.10977569014219117,0.5676455260025279,0.5394681617393516,0.4733795022764199,0.5183932221418119,0.4283657824110278,1,2.0,2.0
2015-03-01,-0.5594229672414803,0.66741490635808,1.246444153419516,0.08901579803045934,0.5517350846925559,0.5456016232159537,0.48925487657357913,0.537388322206505,0.44112143094065337,1,2.0,2.0
2015-04-01,-0.5129684303744858,0.4098578183863938,0.7443070853577488,0.04467556282554512,0.33682136727422407,0.4412114952450889,0.4940597878587235,0.5428543097233702,0.44526526599407684,0,1.0,2.0
2015-05-01,-0.5254481857918871,0.4790491112219586,0.9055037792180306,0.058909722728554395,0.3950212335232777,0.4181163643841833,0.4969405537862963,0.5460865792383591,0.44779452833423355,0,1.0,1.0
2015-06-01,-0.506155762310164,0.3720864602736604,0.7403648464738602,0.04432745110373916,0.30653465843967614,0.3623255114119297,0.4980395176855973,0.5466358148660498,0.4494432205051447,0,1.0,1.0
2015-07-01,-0.49030037470058935,0.2841797080639358,0.23837255371723493,0.0,0.22734376645114862,0.29483463893153916,0.49797109110691257,0.546327748256866,0.4496144339569591,0,0.0,0.0
2015-08-01,-0.5134964370090974,0.41278523646893023,0.38993653400363193,0.01338356190358996,0.33290490155586216,0.31386977024370066,0.4977084971025566,0.5453917380445196,0.4500252561605937,0,0.0,1.0
2015-09-01,-0.5012576896944339,0.3449301607028939,0.4027980959980274,0.014519277070238304,0.2788479839763628,0.2963588771100317,0.4950157973133106,0.5407909961714774,0.44924059845514375,0,0.0,0.0
2015-10-01,-0.48592662382890434,0.25993039650045796,0.36355948888644857,0.011054388339445363,0.21015519486825546,0.2532570359891436,0.4920720463306131,0.5361851057952056,0.44795898686602054,0,0.0,0.0
2015-11-01,-0.4904057024496515,0.2847636748874287,0.29487082263503284,0.004988969530083566,0.22880873381595968,0.24103288490255165,0.489524971068279,0.5322662010263409,0.4467837411102171,0,0.0,0.0
2015-12-01,-0.5388100361326538,0.5531309877356484,0.7233289834072493,0.04282313241599925,0.45106941667171857,0.3460511507871351,0.48990847255402853,0.5323675724901843,0.44744937261787276,0,0.0,1.0
2016-01-01,-0.5663301901864066,0.7057105034654186,1.0407001202304045,0.07084797214414036,0.5787379972011629,0.462394573994149,0.4943693545705523,0.5376024335385349,0.4511362756025697,0,2.0,2.0
2016-02-01,-0.5218407781471466,0.4590486232014591,0.5161871326341949,0.024531874972068275,0.37214527355558097,0.417269923774865,0.4942677001391277,0.5374842186765734,0.451051181601682,0,1.0,1.0
2016-03-01,-0.5350355772491515,0.5322043204116997,1.2253120449720438,0.087149768377334,0.4431934100048266,0.4302316668898458,0.49760932700749744,0.5411186086099086,0.4541000454050863,0,1.0,2.0
2016-04-01,-0.5157387971149895,0.4252175149503842,0.9266817771141095,0.060779804560007256,0.3523299728723088,0.3912808198810773,0.49841697898218973,0.5409762618625966,0.45585769610178295,0,1.0,1.0
2016-05-01,-0.5426665808363801,0.5745127620576759,1.7873867632965923,0.1367826809791591,0.4869667458419726,0.439123782861525,0.5021159702188824,0.5446796602926025,0.45955228014516225,0,1.0,2.0
2016-06-01,-0.5120539494981893,0.40478767782769903,0.666353483005526,0.03779202188978066,0.33138854664011536,0.38525616475082014,0.500689501946239,0.5430919033235965,0.4582871005688813,0,1.0,1.0
2016-07-01,-0.5196232034843665,0.44675376222500146,0.9674901923684652,0.06438331213952608,0.37027967220790636,0.37776791847936325,0.49781224211089264,0.5398322051667791,0.45579227905500624,0,1.0,1.0
2016-08-01,-0.49262864372116555,0.29708828986018115,0.46326847107170205,0.019858995693373883,0.2416424310268197,0.30970517475309145,0.4975830656777612,0.5398755510540864,0.45529058030143604,0,0.0,1.0
2016-09-01,-0.5004083098501528,0.34022095867379576,0.4529643365601464,0.01894910917655284,0.2759665887743472,0.29283588176371933,0.4976721001451626,0.5400851776486122,0.4552590226417131,0,0.0,0.0
2016-10-01,-0.4882156494234951,0.2726214016464877,0.4603132254969682,0.019598038492230026,0.22201672901563618,0.25742630538967776,0.4976382646400926,0.5400294896019195,0.45524703967826563,0,0.0,0.0
2016-11-01,-0.4731483980175052,0.18908429940446236,0.46330593911961376,0.01986230423632509,0.15523990037083493,0.20633310288025636,0.5004404678510985,0.5447407651624527,0.4561401705397444,0,0.0,0.0
2016-12-01,-0.5116271377348478,0.4024213127255556,0.6266956628916426,0.034290115371802855,0.32879507325480506,0.26756408806753074,0.5007853438789982,0.5457357616447754,0.45583492611322085,0,0.0,0.0
2017-01-01,-0.5197291309620311,0.4473410541134469,0.689838120174208,0.0398657870069047,0.36584600069213846,0.3167050443798346,0.4951742963966989,0.539575340819045,0.45077325197435275,0,0.0,1.0
2017-02-01,-0.5092407692512431,0.3891906110779555,0.9569483114365968,0.06345243188839166,0.3240429752400428,0.3203740098099387,0.48332048871835753,0.5256433976490853,0.4409975797876297,0,0.0,1.0
2017-03-01,-0.5057320661339424,0.3697373688674793,1.1142052558293238,0.07733869989265282,0.311257635072514,0.31581582244122636,0.47971203947744323,0.5218007982818484,0.437623280673038,0,0.0,1.0
2017-04-01,-0.5068976674960934,0.3761997924071003,1.2519302639271177,0.08950023832722166,0.3188598815911246,0.3173378520161755,0.4789327574822272,0.5211273714036173,0.43673814356083707,0,0.0,1.0
2017-05-01,-0.47528068015041325,0.20090627447781725,0.5876780396306556,0.030844740189271847,0.1668939676201082,0.24211590981814185,0.47960158206603365,0.5226669675476829,0.43653619658438425,0,0.0,0.0
2017-06-01,-0.46648636904925855,0.1521481270353925,0.5792997051792232,0.030104907693662804,0.12773948316704656,0.18492769649259422,0.4823781193574366,0.5272834910477501,0.43747274766712313,0,0.0,0.0
2017-07-01,-0.45110309409521526,0.06685890088348617,0.27454532395882064,0.003194165980847162,0.05412595390295837,0.1195268251977763,0.4884927969500034,0.5366851955493426,0.44030039835066426,0,0.0,0.0
2017-08-01,-0.48719446717167586,0.26695967849079305,0.5369834551669409,0.026368253704390394,0.21884139353351253,0.16918410936564443,0.4908822208429493,0.5411574739905648,0.4406069676953338,0,0.0,0.0
2017-09-01,-0.4696401877809937,0.16963378986444944,0.48016773211649333,0.021351252005793978,0.13997728229271836,0.15458069582918138,0.4935794866901919,0.5460843227861921,0.4410746505941917,0,0.0,0.0
2017-10-01,-0.511443289816795,0.4014020078826527,2.3925715989554495,0.19022234847699912,0.359166076001522,0.2568733859153517,0.4919228457319611,0.544803748025815,0.43904194343810726,0,0.0,0.0
2017-11-01,-0.477580885091361,0.21365926108114516,0.6034278723965151,0.032235498477585216,0.1773745085604332,0.21712394723789244,0.4903200137230531,0.5440099697845856,0.43663005766152063,0,0.0,0.0
2017-12-01,-0.5055545465420974,0.3687531500544833,0.5038361596277788,0.023441246370941637,0.29969076931777494,0.2584073582778337,0.4837989150032737,0.5369765128589548,0.43062131714759266,0,0.0,0.0
2018-01-01,-0.5089340247420081,0.38748993278304406,1.2865877914738326,0.09256060375488036,0.32850406697741136,0.2934557126276225,0.47045969043286606,0.5212078716247868,0.41971150924094536,0,0.0,0.0
2018-02-01,-0.5207471814943643,0.45298541413077925,1.494584651427407,0.11092736111821175,0.3845738035282658,0.3390147580779441,0.45402410896988654,0.5011498130413826,0.4068984048983904,0,0.0,1.0
2018-03-01,-0.4845515911665632,0.25230682661335496,0.8397628222313287,0.053104595641167276,0.21246638041891744,0.27574056924843077,0.43343319260389307,0.4761939713493869,0.39067241385839924,0,0.0,0.0
2018-04-01,-0.5113875565263385,0.4010930067611012,1.08463997471697,0.0747279953623513,0.3358200044813513,0.305780286864891,0.42481311122197624,0.46595452217701816,0.3836717002669343,0,0.0,1.0
2018-05-01,-0.49537341557024783,0.3123060811088668,0.9410514118363978,0.06204868714988328,0.2622546023170701,0.28401744459098055,0.41743417335076866,0.45735759501349327,0.37751075168804404,0,0.0,0.0
2018-06-01,-0.5348284290254741,0.5310558320859714,1.760376333866443,0.13439757764762963,0.4517241811983031,0.36787081289464185,0.41778852375862263,0.45777871683986604,0.3777983306773792,0,1.0,1.0
2018-07-01,-0.48699570559000116,0.26585768807975196,0.5836926516712148,0.030492818272440363,0.21878471411828965,0.2933277635064657,0.4177496664146785,0.4577408595981727,0.3777584732311843,0,0.0,0.0
2018-08-01,-0.47446765699912824,0.19639864423498285,0.4453087247013161,0.018273095291004942,0.16077353444618728,0.22705064897632649,0.41654658935899197,0.456940637609733,0.3761525411082509,0,0.0,0.0
2018-09-01,-0.5400937587850687,0.5602483091087131,1.018624413473296,0.06889861988121503,0.46197837126321356,0.34451451011977,0.4185060603185872,0.45910738006502916,0.37790474057214535,0,0.0,1.0
2018-10-01,-0.4814929152453962,0.23534866242886612,0.4201164450622182,0.016048540133471404,0.1914886379697872,0.26800157404477865,0.41863299530879294,0.45914010321812165,0.3781258873994643,0,0.0,0.0
2018-11-01,-0.47833694085535716,0.21785104802063388,0.43848100988640293,0.017670187240472236,0.17781487586460154,0.2229082249546901,0.418750112858817,0.45946408087693025,0.37803614484070386,0,0.0,0.0
2018-12-01,-0.5210563067660939,0.4546992920461506,0.7391998234737217,0.04422457601816806,0.37260434884055416,0.2977562868976221,0.4167467709273908,0.4572401329673389,0.37625340888744274,0,0.0,1.0
2019-01-01,-0.532056662408775,0.5156883742125218,0.7748894781095574,0.047376081416969744,0.42202591565341135,0.3598911012755167,0.40736072071952345,0.4456745055857253,0.3690469358533216,0,1.0,1.0
2019-02-01,-0.49378626860916697,0.3035064895716722,0.49075036187041154,0.022285730502246137,0.247262337757787,0.3035767195166519,0.3996893490081861,0.4364987248248515,0.36287997319152066,0,0.0,1.0
2019-03-01,-0.5025640787707584,0.35217315113931824,0.6003045379593875,0.03195969851702782,0.2881304606148602,0.29585359006575607,0.3898711591865066,0.42465204651468713,0.35509027185832603,0,0.0,0.0
2019-04-01,-0.47311652414263167,0.18890758162944066,0.4917673267982093,0.022375531608282297,0.155601171625209,0.22572738084548255,0.3826618036440008,0.4165724746713053,0.3487511326166964,0,0.0,0.0
2019-05-01,-0.49620075607284814,0.31689309079579714,0.8716139213428975,0.05591714487517099,0.26469790161167195,0.24521264122857725,0.3691141737599669,0.40030444169289847,0.3379239058270353,0,0.0,0.0
2019-06-01,-0.4795652422014735,0.22466109800053577,0.5529524739832937,0.02777836678973164,0.18528455175837494,0.2152485964934761,0.361174637856124,0.391292537971639,0.3310567377406091,0,0.0,0.0
2019-07-01,-0.46000925143830296,0.11623715551706254,0.4809543148061207,0.021420709657269135,0.09727386634510386,0.15626123141929,0.35513663018883806,0.38529284892507315,0.324980411452603,0,0.0,0.0
2019-08-01,-0.5065929684456275,0.37451045471398253,0.8395231485994139,0.05308343172818921,0.3102250501168239,0.23324314076805694,0.35258417088582317,0.3825975516505444,0.32257079012110196,0,0.0,0.0
2019-09-01,-0.4885584152117435,0.274521792097701,0.7035942858141591,0.04108049840502471,0.22783353335916576,0.23053833706361135,0.3508533132718475,0.38086657061617035,0.3208400559275246,0,0.0,0.0
2019-10-01,-0.5049331538373227,0.36530797319292413,0.8124971460192169,0.05069695323999454,0.30238576920233823,0.2664620531329748,0.35111079045517923,0.3811262091963229,0.32109537171403557,0,0.0,0.0
2019-11-01,-0.48002403487999956,0.22720477433945233,0.48195526684373524,0.0215090967762444,0.18606563882681074,0.22626384597989274,0.3510212129394181,0.3808222285910522,0.32122019728778406,0,0.0,0.0
2019-12-01,-0.5241518449500105,0.4718618310385732,0.6084279781141088,0.03267702306851677,0.38402486944456193,0.30514435771222737,0.3527170527821013,0.3827353829216233,0.32269872264257926,0,0.0,1.0
2020-01-01,-0.4940733839866359,0.3050983384096989,0.7745471566245455,0.04734585338536931,0.253547841404833,0.2793460995585302,0.35071722999827076,0.3804148686989354,0.3210195912976061,0,0.0,0.0
2020-02-01,-0.4971566266080095,0.32219270732666433,0.6220025805865459,0.033875701884968995,0.26452930623832527,0.2719377028984277,0.34813278644194756,0.37741742828042585,0.3188481446034692,0,0.0,0.0
2020-03-01,-0.6011256910425735,0.8986265990599039,4.338283463960763,0.36203464281396197,0.7913082078107156,0.5316229553545717,0.3765915470941595,0.41336422828973307,0.33981886589858595,0,2.0,2.0
2020-04-01,-0.6194100029628299,0.9999999944557172,11.563009549819032,0.999999999911697,0.9999999955469132,0.7658114754507425,0.4451192758599217,0.5005819997604293,0.3896565519594142,1,3.0,3.0
2020-05-01,-0.5968158538867331,0.8747316432094432,5.931916822639976,0.5027573307983146,0.8003367807272175,0.7830741280889799,0.502151841194171,0.5716165478146983,0.4326871345736436,1,3.0,3.0
2020-06-01,-0.6065306560388186,0.9285932533181848,5.311366850155799,0.44796087483747565,0.832466777622043,0.8077704528555114,0.5538733301650249,0.6348114705502543,0.47293518977979554,1,3.0,3.0
2020-07-01,-0.5871094018100204,0.8209163282796531,4.028155432502044,0.33464939138929495,0.7236629409015816,0.7657166968785465,0.5919604182495094,0.6796110151103005,0.5043098213887183,1,3.0,3.0
2020-08-01,-0.536901591608443,0.542550031657697,2.6244897114836863,0.2107014254299813,0.47618031041215386,0.6209485036453501,0.6110313657737108,0.7008559414918312,0.5212067900555906,1,3.0,3.0
2020-09-01,-0.5700302011566678,0.7262244105073126,3.1319146520572088,0.25550859591177094,0.6320812475882043,0.6265148756167772,0.628876621233081,0.7202798545136988,0.5374733879524632,0,3.0,3.0
2020-10-01,-0.5009301258235334,0.3431140539799829,2.1360166827139495,0.16756776658557443,0.3080047965011012,0.46725983605893917,0.6349414518022414,0.7264182725860646,0.5434646310184181,0,2.0,2.0
2020-11-01,-0.5489184227993491,0.6091747416841593,3.283859821746284,0.26892581800268306,0.5411249569478641,0.5041923965034016,0.6426572365773489,0.7340479444226384,0.5512665287320593,0,2.0,2.0
2020-12-01,-0.537578744778141,0.5463043603037361,2.1153417994555785,0.16574211131170896,0.47019191050533066,0.4871921535043662,0.6490733599169913,0.7404843978085827,0.5576623220254,0,2.0,2.0
2021-01-01,-0.6065341685331332,0.9286127275798652,2.5306144914780657,0.20241195707619256,0.7833725734791308,0.6352823634917485,0.6652800189581827,0.7589282149480959,0.5716318229682695,0,3.0,3.0
2021-02-01,-0.5355825894332176,0.5352371106344602,1.658530355916635,0.12540426704739824,0.45327054191704785,0.5442764527043982,0.6735280367941369,0.7680250008161602,0.5790310727721135,0,2.0,2.0
2021-03-01,-0.5997179790609173,0.890821845786046,2.262264566311444,0.17871583990834886,0.7484006446105066,0.6463385486574524,0.6893038084160822,0.7856279002064482,0.592979716625716,0,3.0,3.0
2021-04-01,-0.5468426710829749,0.5976661872247259,5.018175902665038,0.42207121960474775,0.5625471937007303,0.6044428711790913,0.7009446952846188,0.7983836883986247,0.6035057021706127,0,3.0,3.0
2021-05-01,-0.5519476973022063,0.6259698960919327,3.727679899260362,0.3081164850084035,0.5623992138752268,0.5834210425271591,0.7106365534922001,0.8085339104722872,0.6127391965121131,0,3.0,3.0
2021-06-01,-0.5346545756648626,0.530091939895605,1.5407423288425222,0.11500322486792203,0.4470741968900684,0.5152476197086138,0.7154574701659699,0.8135971993075546,0.6173177410243853,0,2.0,2.0
2021-07-01,-0.5217538463646204,0.45856664881812315,1.15881061736899,0.08127748941421378,0.3831088169373413,0.44917821832297755,0.7180134778737564,0.8155621498177835,0.6204648059297291,0,1.0,2.0
2021-08-01,-0.575663087505318,0.7574547251908411,1.9822271976278274,0.1539876858178218,0.6367613173162373,0.5429697678196075,0.7236671366357517,0.8201751844741174,0.627159088797386,0,2.0,2.0
2021-09-01,-0.53051661839114,0.5071499347127165,1.2909577799187948,0.0929464870680568,0.4243092451837846,0.48363950650169607,0.7268513672142339,0.8231326308344833,0.6305701035939846,0,2.0,2.0
2021-10-01,-0.5589069120021991,0.6645537501906565,2.7831831754938663,0.2247145424994991,0.5765859086524251,0.5301127075770606,0.7316368707941461,0.8270863473342523,0.6361873942540397,0,2.0,2.0
2021-11-01,-0.5245488009733671,0.47406266747616926,1.2993397433105303,0.09368664001016705,0.39798746198296886,0.46405008478001475,0.7325845712934222,0.8261171530015713,0.6390519895852731,0,2.0,2.0
2021-12-01,-0.541366626497275,0.5673054476238955,1.406798514822681,0.10317557740742328,0.47447947358060105,0.4692647791803079,0.734550501821581,0.827150352110573,0.641950651532589,0,2.0,2.0
2022-01-01,-0.5484452933880503,0.6065515784448662,1.5533570498023312,0.1161171432180676,0.5084646913995065,0.48886473528990715,0.7371115611554191,0.8293708975740757,0.6448522247367625,0,2.0,2.0
2022-02-01,-0.5022365000438131,0.3503569620502946,1.2981860231974864,0.09358476300401321,0.29900252224103835,0.3939336287654728,0.7372432579542324,0.8287098552572266,0.6457766606512383,0,1.0,1.0
2022-03-01,-0.5098684242226706,0.3926705077165698,1.1538382991097824,0.0808384185406414,0.33030408988138416,0.36211885932342847,0.7369835710684165,0.8277500387681973,0.6462171033686357,0,1.0,1.0
2022-04-01,-0.4929865002003198,0.2990723473688517,1.2357377823588513,0.08807039279906828,0.256871956454895,0.30949540788916174,0.7353614371192999,0.8248115636226745,0.6459113106159253,0,0.0,1.0
2022-05-01,-0.47391183041811935,0.1933169845031942,0.8971422564748287,0.05817137475807713,0.1662878625541708,0.2378916352216663,0.7355530194297252,0.825134793795898,0.6459712450635523,0,0.0,0.0
2022-06-01,-0.5027626780765602,0.3532742418470345,1.2214710494066379,0.08681059674945851,0.2999815128275193,0.2689365740245928,0.7341330967738353,0.8227444526849791,0.6455217408626917,0,0.0,0.0
2022-07-01,-0.49365246443855876,0.30276464141507586,1.2578773966196364,0.0900253882895596,0.2602167907899726,0.2645766824072827,0.730258545664465,0.8165754636966704,0.6439416276322595,0,0.0,0.0
2022-08-01,-0.47763067112773605,0.2139352889444113,1.1519934204349842,0.08067551012465682,0.18728333318046042,0.22593000779387157,0.7304936971819384,0.8169567132475071,0.6440306811163696,0,0.0,0.0
2022-09-01,-0.45582563144080684,0.09304198328188783,0.7718867522939241,0.04711093156568517,0.0838557729386473,0.15489289036625942,0.733540771724942,0.8217199001075985,0.6453616433422855,0,0.0,0.0
2022-10-01,-0.4511141593497212,0.06692024978330144,0.6518060639683952,0.036507440402457604,0.060837687907132676,0.10786528913669605,0.739701736501225,0.8314030083648303,0.6480004646376196,0,0.0,0.0
2022-11-01,-0.48778326850631476,0.2702241595807161,1.0958605033986053,0.07571880228044561,0.23132308812066202,0.16959418862867903,0.7416262594425151,0.8344937580027656,0.6487587608822649,0,0.0,0.0
2022-12-01,-0.5298409661986307,0.5034039279086321,1.057689973930827,0.07234822806446439,0.4171927879397986,0.29339348828423883,0.7417430622198375,0.8347582993857507,0.6487278250539245,0,0.0,0.0
2023-01-01,-0.5275613939573224,0.4907653348262497,0.5246733216581014,0.02528123135550717,0.39766851413210125,0.34553100120817004,0.741266847615125,0.8335105234160447,0.6490231718142052,0,0.0,1.0
2023-02-01,-0.49444839680010383,0.3071775154869649,0.44386205339589324,0.01814534980072626,0.2493710823497172,0.2974510417789436,0.7409054891903626,0.8327924775637641,0.649018500816961,0,0.0,1.0
2023-03-01,-0.5097222949576182,0.3918603257513055,0.8604342072819091,0.05492994201261129,0.3244742490035667,0.3109626453912552,0.7368720813576816,0.8294577514717016,0.6442864112436615,0,0.0,1.0
2023-04-01,-0.4621650562659984,0.12818954706164465,0.4224524328265371,0.016254814980507713,0.10580260064541727,0.2083826230183362,0.7167401360456218,0.8077765359855515,0.625703736105692,0,0.0,0.0
2023-05-01,-0.47507304920043236,0.19975510978096572,0.4857612413115705,0.021845175934349804,0.16417312301164255,0.18627787301498938,0.6931419658487321,0.7818382003070504,0.6044457313904137,0,0.0,0.0
2023-06-01,-0.48988355188082006,0.2818687244894509,0.910121560298468,0.05931748688749557,0.23735847696905985,0.2118181749920246,0.6631433763395691,0.7473581576083839,0.5789285950707542,0,0.0,0.0
2023-07-01,-0.4809528761694487,0.23235453308924534,0.4192656604341149,0.015973413254939135,0.1890783091223841,0.20044824205720435,0.6355945655478314,0.7158603770603387,0.5553287540353241,0,0.0,0.0
2023-08-01,-0.477847308464827,0.21513638759806558,0.7929418447218045,0.0489701604692932,0.18190314217231113,0.19117569211475774,0.6216708731545757,0.7012748317538737,0.5420669145552778,0,0.0,0.0
2023-09-01,-0.45974753526963646,0.11478612707456955,0.4960070116426312,0.022749908715955326,0.0963788834028467,0.14377728775880222,0.6070901599896064,0.6863036733474143,0.5278766466317985,0,0.0,0.0
2023-10-01,-0.47989798748386037,0.22650593193383378,1.2709104402029154,0.09117624580372226,0.19943999470781149,0.17160864123330685,0.6025214359174229,0.6829495523143699,0.5220933195204758,0,0.0,0.0
2023-11-01,-0.47206013569827276,0.18305066538733022,0.7970902004330159,0.049336472935844936,0.15630782689703315,0.16395823406517002,0.5950958156311259,0.6761990415848466,0.5139925896774054,0,0.0,0.0
2023-12-01,-0.5094948048187458,0.3905990560958137,0.6566446447314976,0.03693470184707086,0.31986618524606514,0.24191220965561758,0.5872321234326046,0.6679852292446766,0.5064790176205323,0,0.0,0.0
2024-01-01,-0.47769720652830705,0.21430418001886462,0.5506482894733249,0.027574900267090915,0.1769583240685099,0.20943526686206373,0.5657995263676869,0.6433514618306171,0.4882475909047568,0,0.0,0.0
2024-02-01,-0.5065782935096622,0.3744290927194756,1.799353335565501,0.13783936582229986,0.3271111473400405,0.2682732071010521,0.5521872458668335,0.6277573401035841,0.4766171516300828,0,0.0,0.0
2024-03-01,-0.527301058807886,0.4893219631448684,1.7208437440487503,0.13090672934690178,0.4176389163852751,0.3429560617431636,0.5283184130899208,0.5987413268354256,0.45789549934441615,0,0.0,1.0
2024-04-01,-0.4719311984225666,0.18233580067224403,0.802011101443501,0.049771003509473416,0.1558228412396899,0.24938945149142677,0.5056662787270136,0.5718260126819905,0.43950654477203666,0,0.0,0.0
2024-05-01,-0.4745050127100841,0.19660575485930037,0.5370831901447533,0.026377060607237515,0.1625600160088878,0.2059747337501573,0.48349858903018894,0.5457639663156411,0.4212332117447368,0,0.0,0.0
2024-06-01,-0.486559591759125,0.2634397496849244,0.8862861978539173,0.057212751658397225,0.222194350079619,0.21408454191488813,0.46749935345379123,0.527220199230386,0.4077785076771965,0,0.0,0.0
2024-07-01,-0.47561042405124104,0.20273446790307498,0.7389248002732481,0.044200290630429455,0.1710276324485459,0.19255608718171702,0.4570159941747278,0.5156185177022019,0.39841347064725363,0,0.0,0.0
2024-08-01,-0.4929008749870136,0.29859761697471954,1.3213275581680375,0.09562823115018632,0.2580037398098129,0.22527991349576496,0.43524673997718194,0.48953441816402826,0.3809590617903357,0,0.0,0.0
2024-09-01,-0.4885056669319522,0.2742293407193252,0.9312354820799793,0.061181910602526327,0.23161985469596544,0.2284498840958652,0.419123431934459,0.47039954098119235,0.3678473228877256,0,0.0,0.0
2024-10-01,-0.43904402284061217,0.0,0.6039011579389064,0.03227729103504312,0.0064554582070086245,0.11745267115143691,0.39615566807840896,0.4435967821029925,0.34871455405382534,0,0.0,0.0
2024-11-01,-0.4517994782000635,0.07071985127177674,0.4594906025020038,0.019525398371829265,0.060480960691787246,0.08896681592161208,0.38093116401724547,0.42677043658494496,0.335091891449546,0,0.0,0.0
2024-12-01,-0.48284441577139126,0.24284176349807074,0.8084445516523766,0.05033909679233291,0.20434123015692318,0.14665402303926764,0.36113272404003305,0.4033596532462639,0.3189057948338021,0,0.0,0.0
2025-01-01,-0.4929076193993582,0.2986350099038217,0.602414990287214,0.0321460578968796,0.24533721950243328,0.19599562127085046,0.33507779556888967,0.3713314996738048,0.29882409146397454,0,0.0,0.0
2025-02-01,-0.45580754978149135,0.09294173344983528,0.35558484548630725,0.0103502029953869,0.07642342735894561,0.13620952431489802,0.32126639153121034,0.35530262859070066,0.28723015447172007,0,0.0,0.0
2025-03-01,-0.4940799947641452,0.3051349904294876,0.6847973135348349,0.039420668400395445,0.25199212602366916,0.1941008251692836,0.30989635474680316,0.3416983020832887,0.2780944074103176,0,0.0,0.0
2025-04-01,-0.45146136781902607,0.06884527171451356,0.6793026766788396,0.038935475201054795,0.0628633124118218,0.12848206879055268,0.30400905358494834,0.3355246166369139,0.27249349053298283,0,0.0,0.0
2025-05-01,-0.44478724982130213,0.03184207434770251,0.5516661203565103,0.02766477783962996,0.031006615046088003,0.07974434191832035,0.304689553273445,0.33789627634475516,0.2714828302021348,0,0.0,0.0
2025-06-01,-0.4610267578674247,0.121878498872339,0.44731449836337017,0.018450211225278807,0.10119284134292696,0.09046859163062365,0.3023340772036247,0.33640812290345745,0.2682600315037919,0,0.0,0.0
2025-07-01,-0.46165022229557856,0.12533516195411715,0.35130945831368665,0.009972673263200805,0.10226266421593389,0.09636562792327877,0.2994760030276482,0.3341548670992296,0.2647971389560668,0,0.0,0.0
2025-08-01,-0.4392124349569822,0.0009337243937143209,0.27263732790059664,0.003025684107325538,0.0013521163364365644,0.048858872129857664,0.3004711727649683,0.33712130763476766,0.263821037895169,0,0.0,0.0
2025-09-01,-0.47609599010938375,0.20542658342908252,0.5975108839331755,0.031713010342658346,0.1706838688117977,0.10977137047082769,0.3007260298505722,0.337878908933123,0.26357315076802124,0,0.0,0.0
2025-10-01,-0.5253671015460727,0.47859955723561404,0.7649922872143229,0.0465021292631155,0.39218007164111435,0.250975721055971,0.3037201617780786,0.3405459882446199,0.2668943353115374,0,0.0,0.0
2025-11-01,-0.46917031582267266,0.16702868686554934,0.30275968915198737,0.005685580513638575,0.13476006559516718,0.19286789332556908,0.3041994790364186,0.3409695806566945,0.2674293774161426,0,0.0,0.0
2025-12-01,-0.5020074475240046,0.3490870301131111,0.42345376833439763,0.016343235961075727,0.28253827128270403,0.23770308230413656,0.30027614219010107,0.3362541167688277,0.2642981676113745,0,0.0,0.0
2026-01-01,-0.5192940952257098,0.44492909297967564,0.5669553483476638,0.029014863320962946,0.3617462470479331,0.29972466467603487,0.2953707443762897,0.3301377190960804,0.2606037696564989,0,0.0,1.0
2026-02-01,-0.49885453661350626,0.3316064005016884,0.38078916591056994,0.012575821390988718,0.2678002846795485,0.2837624746777917,0.29414569509250166,0.3286310660427071,0.2596603241422963,0,0.0,0.0
2026-03-01,-0.5039280134736059,0.35973519080090693,1.288102024769819,0.0926943151750675,0.30632701567573906,0.2950447451767654,0.2925843823428084,0.3266967036747317,0.2584720610108851,0,0.0,0.0
